Time,Patch,AA,Aa,aa
0,1,1.15166955525292e-07,2.75414912137365e-05,249.992967210054
